#	barcode_sequence	sample_condition
0	CGGCCTTT	AZD
1	GAGCTGGT	CTRL
2	AACTGACC	MNK1
3	AGCTGCAG	CTRL
4	CGTGCGAT	PP242
5	TACCAAAG	CTRL
6	GTTGGAGC	BKM
7	GAGGAAGG	MNK1+BKM
8	CTGGAGGA	CTRL
9	CCTTGCAC	CTRL
10	GGACACCT	MNK1+BKM
11	ACACCACC	4EGI1
12	GCCCATCT	CTRL
13	GTCCGTTG	AZD
14	TTGCCTTC	CTRL
15	CGCCGTTA	MNK1
16	ACGTCAGA	CTRL
17	CTGGGAAA	PP242
18	CAAGTGCT	CTRL
19	TACTCGAC	BKM
20	AATGACCG	MNK1+BKM
21	GATCTTCA	MNK1+BKM
22	GACCAATT	CTRL
23	GCGAAACT	CTRL
24	CTCACGTA	CTRL
25	AATTCGTC	CTRL
26	AACGTTGT	AZD
27	GTCCTAGA	CTRL
28	CGTACCAG	MNK1
29	AACCATCC	CTRL
30	GTATTCCT	PP242
31	AGGGATAG	CTRL
32	ACACCTAA	BKM
33	TACCTCGG	CTRL
34	TGCAAGAG	MNK1+BKM
35	CTCACTCT	MNK1+BKM
36	TTCGTGAA	PP242+MNK1
37	TGACATGC	CTRL
38	CACCGAAA	CTRL
39	GGTGTGGA	AZD
40	CCTTCGAA	CTRL
41	TGCGTCTT	MNK1
42	AAGCGCAC	CTRL
43	CTACGTAG	PP242
44	ACTCACGA	CTRL
45	CACCAGTG	BKM
46	CACCATGT	CTRL
47	CTTACTGC	CTRL
48	GCAAGCAC	CTRL
49	ATATTCGG	PP242+MNK1
50	TCGCAATG	PP242+MNK1
51	TCATGCGC	CTRL
52	GATCACTA	AZD
53	CACCTCTC	CTRL
54	CCCACCAT	MNK1
55	ACATCAAG	CTRL
56	GGCTTGGT	PP242
57	TCGAGGAG	CTRL
58	GGAAAAGC	BKM
59	TGACTTCA	4EGI1
60	AAAACTCC	PP242+BKM
61	ACCGAGAA	CTRL
62	AGTGGTTG	CTRL
63	ACCTTGTT	PP242+MNK1
64	CACATAGT	PP242+MNK1
65	TCCCTGAC	AZD
66	GTCTAATG	CTRL
67	AGTTTTCC	MNK1
68	AAGATGCT	CTRL
69	TGTACGGG	PP242
70	ATCGATTC	CTRL
71	GCAGATTT	BKM
72	AACTTTCG	CTRL
73	CCTGTGGT	PP242+BKM
74	ACTTCGGT	PP242+BKM
75	GCTTGGAG	CTRL
76	AGCACCTA	4EGI1
77	TCCTCAGG	PP242+MNK1
78	AACACAGC	CTRL
79	ACCTACAT	4EGI1
80	GAACGCAA	CTRL
81	CTGGTTTG	4EGI1
82	GCCTCGAT	CTRL
83	CCGAAGTT	4EGI1
84	ACGTTCAC	CTRL
85	AGCTATCA	CTRL
86	AATACCAC	CTRL
87	TTAACCGT	PP242+BKM
88	TGATCGAT	PP242+BKM
89	GACGGGTT	CTRL
90	CGTAGAAC	CTRL
91	GAAATTGC	PP242+BKM
92	GCGTCAAC	CTRL
93	GACAACAT	CTRL
94	GCACTAAT	CTRL
95	GTTCCATC	CTRL
