#	barcode_sequence	sample_ERCC
0	ACTCCACT	+
1	TAGCGTCA	-
2	GATATCGC	+
3	GTTCCCAA	-
4	ACCAAGTC	+
5	ATCTGACG	-
6	TTATCCCG	+
7	AGTGAGAG	-
8	TAGAGGGT	+
9	GTTAGCCT	-
10	TTACTCGC	+
11	CTTACACC	-
12	TCGGGATA	+
13	TAGCCATC	-
14	TGTCACTG	+
15	CCCAGTTA	-
16	CATTAGCG	+
17	CCTTGCAA	-
18	GTTTCAGG	+
19	GTAGTGTC	-
20	ACAGATCG	+
21	TGAGACAC	-
22	TTCGGTGA	+
23	AGGGAACA	-
24	GCTTAGAC	+
25	TAAGGACG	-
26	TCGATGCA	+
27	CCACACTT	-
28	GAGTCGAT	+
29	CACTTAGC	-
30	ACCGTCAT	+
31	GCAGGTAA	-
32	GTAAACGG	+
33	CTCTGGTT	-
34	AGTCTTCG	+
35	ATGCTGAG	-
36	TCGTCTAG	+
37	CTAGCTGT	-
38	AAGTGGTG	+
39	TCTCGGAT	-
40	CGGCATAA	+
41	TGCACGTA	-
42	GGATGATC	+
43	TACCTTGG	-
44	TCAACAGG	+
45	GCAACGTT	-
46	AAGCAGGA	+
47	GATGATCC	-
48	ACTGAAGC	+
49	GCTCATGA	-
50	GGTACTCA	+
51	CATCCTAG	-
52	GTCGATAG	+
53	TACACCAG	-
54	CGCCTTTT	+
55	CCTCTATC	-
56	GTCCTAGT	+
57	AGGACTAC	-
58	GTTGGAAC	+
59	ATGCGCTT	-
60	GCACTAAG	+
61	CTCTCTCA	-
62	AGAAGCCA	+
63	TCCTACCA	-
64	GACTGTGT	+
65	CTTGAGGA	-
66	TGGGTTGT	+
67	GCAATTCC	-
68	AGCAGGAT	+
69	AGCTCTTG	-
70	CAGAATGG	+
71	TTGGTACC	-
72	CAATCCGA	+
73	TGTAGTGG	-
74	CCTTTGGT	+
75	CAAGGGAT	-
76	GGCTCAAA	+
77	TAACAGCC	-
78	CGTGTCTA	+
79	GAGGACTA	-
80	CTGTGTAC	+
81	CTGCCAAT	-
82	GCCTAATG	+
83	ACGTGTGA	-
84	GGGTATCT	+
85	AGGTTAGG	-
86	ACCCCTAA	+
87	CTGAAGCT	-
88	TCCGCTTT	+
89	GTACGACA	-
90	GTGTTGGA	+
91	GACCAGTT	-
92	AAGGCTCT	+
93	TGGAAAGC	-
94	CCCATACT	+
95	GATACGAG	-
